,unique_date,id,created_at,text,fav,RT,date
2017-01-06,,8.174062128830546e+17,2017-01-06 16:23:22,PBOC Meets With Leading Chinese #Bitcoin Exchanges Amid Price Volatility https://t.co/9EV5VQaYGK #fintech… https://t.co/yNFHly1sYG,22.0,27.0,2017-01-06
2017-01-08,2017-01-08,,,,,,
2017-01-09,2017-01-09,8.185376189379584e+17,2017-01-09 19:19:10,Barry Silbert Shares DGC’s Perspective on #Ethereum; Announces Etherscan Investment https://t.co/rjI9jdzoCR… https://t.co/YuQaNBMlpH,26.0,32.0,2017-01-09
2017-01-10,2017-01-10,8.187501930886308e+17,2017-01-10 09:23:52,イーサリアムの新構想「エンタープライズ版イーサリアム」がお披露目へ - https://t.co/WKl0nOH1v5 #ビットコイン https://t.co/CtspEZZYBP,19.0,12.0,2017-01-10
2017-01-11,2017-01-11,8.191944151347569e+17,2017-01-11 14:49:03,Qtum: Connecting #Blockchain Technology With the Commercial World https://t.co/KzqdKfWqEy #ethereum #fintech https://t.co/q9lqYMKcYb,21.0,31.0,2017-01-11
2017-01-12,2017-01-12,8.19658206104404e+17,2017-01-12 21:31:59,Here’s Why India’s GBMiners Mining Pool Switched to Bitcoin Unlimited https://t.co/Js5ttRcVZy #bitcoin #india… https://t.co/Bq0KlNRg26,29.0,16.0,2017-01-12
2017-01-13,2017-01-13,8.200552152232428e+17,2017-01-13 23:49:33,Ethereum Classic Hard Forks; Diffuses ‘Difficulty Bomb’ https://t.co/eaeNBGOlH5 #ethereum #blockchain,23.0,25.0,2017-01-13
2017-01-14,2017-01-14,8.200676915622339e+17,2017-01-14 00:39:08,Feature Interview: North American Bitcoin Conference Organizer Moe Levin https://t.co/FQRI7s4BrN #TNABC #Bitcoin… https://t.co/yrz00GWdXx,18.0,21.0,2017-01-14
2017-01-15,2017-01-15,,,,,,
2017-01-16,2017-01-16,8.210864382887199e+17,2017-01-16 20:07:16,"Don Tapscott Predicts ""Blockchain Davos"" at World Economic Forum https://t.co/bnG5FjiHhN #blockchain #bitcoin… https://t.co/rx52ov17bm",37.0,55.0,2017-01-16
2017-01-17,2017-01-17,8.2119448260753e+17,2017-01-17 03:16:36,ビットコイン 今日の相場・戦略　2017年1月17日 - https://t.co/X5NOj6BMTc #ビットコイン https://t.co/duK95oyrFE,4.0,2.0,2017-01-17
2017-01-18,2017-01-18,8.216495147464827e+17,2017-01-18 09:24:44,米コインベース、NY州のビットライセンス取得＝３社目 - https://t.co/bvnTRa3QRX #ビットコイン https://t.co/AcLCkrAGC5,9.0,8.0,2017-01-18
2017-01-19,2017-01-19,8.219452633548063e+17,2017-01-19 04:59:56,ビットコイン 今日の相場・戦略　2017年1月19日 - https://t.co/5D2YxCWF7p #ビットコイン https://t.co/kJjgiVHvtM,4.0,2.0,2017-01-19
2017-01-20,2017-01-20,8.223653063497646e+17,2017-01-20 08:49:02,ブロックチェーンによる分散型の個人情報管理アプリ「uPort」、アルファリリースへ - https://t.co/kuTtOY4ueo #ビットコイン https://t.co/lgDjGbgh0r,25.0,12.0,2017-01-20
2017-01-21,2017-01-21,,,,,,
2017-01-22,2017-01-22,,,,,,
2017-01-23,2017-01-23,8.234951740430828e+17,2017-01-23 11:38:43,Blockstream Releases Sidechain White Paper on Liquid and Strong Federations https://t.co/cwJ91H1dhr #Bitcoin… https://t.co/I9Q7mTkQMz,35.0,25.0,2017-01-23
2017-01-24,2017-01-24,8.239249078809723e+17,2017-01-24 16:06:20,Western Union Settlement: A Cautionary Tale for #Bitcoin Money Transmitters - feat. Joe Ciccolo of @bitAML… https://t.co/yqTDJGHF2P,22.0,20.0,2017-01-24
2017-01-25,2017-01-25,8.243715538445599e+17,2017-01-25 21:41:09,"Third Bitcoin ETF Filed With SEC, but Will They Actually Become Reality? https://t.co/qaHsWoC9Uv  #bitcoin #fintech… https://t.co/XW1noeDQr2",22.0,22.0,2017-01-25
2017-01-26,2017-01-26,8.24649979277013e+17,2017-01-26 16:07:30,"Stricter #Bitcoin Regulation, Ban on Mixers Recommended at Interpol, Europol Conference https://t.co/YFEQmwy7jU… https://t.co/Zmd0vornnT",18.0,29.0,2017-01-26
2017-01-27,2017-01-27,8.250200290706145e+17,2017-01-27 16:37:57,How Bitcoin Unlimited Users May End Up on Different Blockchains https://t.co/A5F2ZdXsH3 #bitcoin #blockchain… https://t.co/YejTJ2ys9O,73.0,76.0,2017-01-27
2017-01-28,2017-01-28,,,,,,
2017-01-29,2017-01-29,,,,,,
2017-01-30,2017-01-30,8.260250436708884e+17,2017-01-30 11:11:31,シスコ、BNYメロン、ボッシュなど「IoT」への活用狙うブロックチェーンコンソーシアムを組成 - https://t.co/ScBggUxbWy #ビットコイン https://t.co/yySAyqeV4a,6.0,3.0,2017-01-30
2017-01-31,2017-01-31,8.265235356948234e+17,2017-01-31 20:12:21,P2P Talent Marketplace ChronoBank Adds Changelly https://t.co/dVoiuc6U0k #P2P #Jobs @ChronobankNews #fintech https://t.co/m30yiaS84O,9.0,13.0,2017-01-31
2017-02-01,2017-02-01,8.268632099026534e+17,2017-02-01 18:42:06,Why Bitcoin Unlimited’s “Emergent Consensus” Is a Gamble https://t.co/vTdO6vlnoP #bitcoin #blockchain #technology https://t.co/wg1eZWC1CD,56.0,61.0,2017-02-01
2017-02-02,2017-02-02,8.270316286186906e+17,2017-02-02 05:51:20,ビットコイン 今日の相場・戦略　2017年2月2日 - https://t.co/Ul4hl1fjnw #ビットコイン https://t.co/w1xd0VEUgD,10.0,5.0,2017-02-02
2017-02-03,2017-02-03,8.274638158350254e+17,2017-02-03 10:28:41,.@Daimler Financial Services Acquires #Bitcoin Operator PayCash Europe to Launch Mobility Service “#Mercedes Pay”… https://t.co/E4NVZZJCNZ,14.0,10.0,2017-02-03
2017-02-04,2017-02-04,,,,,,
2017-02-05,2017-02-05,,,,,,
2017-02-06,2017-02-06,8.287204695872184e+17,2017-02-06 21:42:11,Bitcoin Exempt from UAE Central Bank’s Ban on Virtual Currencies https://t.co/zUUaZotbaQ #bitcoin #fintech #UAE… https://t.co/WzGXsxnIMt,49.0,45.0,2017-02-06
2017-02-07,2017-02-07,8.290215194812867e+17,2017-02-07 17:38:27,".@Shoptalk, Shoptalk Final Agenda Released, Ticket Prices Go Up On Friday! Click here to get your ticket: https://t.co/owpVx5kZiU #fintech",6.0,12.0,2017-02-07
2017-02-08,2017-02-08,8.292952947979715e+17,2017-02-08 11:46:20,Venezuela Seems to Be Cracking Down on Bitcoin https://t.co/cxidRWmlge #Bitcoin #Venezuela @CriptoNoticias… https://t.co/1UjPyHQOfk,19.0,31.0,2017-02-08
2017-02-09,2017-02-09,8.29498992845267e+17,2017-02-09 01:15:45,"Bitfury, Republic of Georgia Push Ahead With #Blockchain Land-Titling Project https://t.co/VF8gKWC0v6 @BitFuryGroup… https://t.co/38Lh2rYPsj",8.0,7.0,2017-02-09
2017-02-10,2017-02-10,8.301684262115901e+17,2017-02-10 21:35:51,"Better Bitcoin Privacy, Scalability: Developers Making TumbleBit a Reality https://t.co/Qd4Jsu1KJa #bitcoin… https://t.co/ipDMXsyjCB",49.0,44.0,2017-02-10
2017-02-11,2017-02-11,8.30431203257942e+17,2017-02-11 15:00:02,ICYMI: Capital Controls and Ponzi Schemes: How #Nigeria Is Discovering Bitcoin https://t.co/WNfu13aCcE #bitcoin https://t.co/8Nyh15wwRZ,51.0,15.0,2017-02-11
2017-02-12,2017-02-12,8.306199436076646e+17,2017-02-12 03:30:01,"ICYMI: Better Bitcoin Privacy, Scalability: Developers Making TumbleBit a Reality https://t.co/Qd4Jsu1KJa #bitcoin… https://t.co/EQ2OU07V9Y",34.0,28.0,2017-02-12
2017-02-13,2017-02-13,8.3125097250884e+17,2017-02-13 21:17:30,Blockchain for Capital Markets: EquiChain Unveils Working Prototype https://t.co/jWMjQUIUKZ #blockchain #fintech… https://t.co/ULdhIDqLkE,21.0,16.0,2017-02-13
2017-02-14,2017-02-14,8.315953691800658e+17,2017-02-14 20:06:00,Blockchain Association of Canada: A New Vision Beyond Bitcoin https://t.co/qOT9DSeDdK #blockchain #Canada #bitcoin… https://t.co/VtJ1moO7hK,19.0,22.0,2017-02-14
2017-02-15,2017-02-15,8.319459635604357e+17,2017-02-15 19:19:09,Op Ed: The Fourth Industrial Revolution: #Blockchain Tech and the Integration of Trust https://t.co/wqBtAGbAID… https://t.co/mrgzFkXNmp,14.0,17.0,2017-02-15
2017-02-16,2017-02-16,8.323328665121792e+17,2017-02-16 20:56:34,How the Equihash Algorithm Could Democratize Zcash Mining https://t.co/fFLwR5ciBK @zcashco #mining #blockchain https://t.co/0K4JTaUFIM,35.0,41.0,2017-02-16
2017-02-17,2017-02-17,8.325552598011208e+17,2017-02-17 11:40:16,ビットコインのネットワークはどう進化しているのか - https://t.co/NxUQAwYbna #ビットコイン https://t.co/MRv614fCzX,12.0,7.0,2017-02-17
2017-02-18,2017-02-18,,,,,,
2017-02-19,2017-02-19,,,,,,
2017-02-20,2017-02-20,8.338170507201085e+17,2017-02-20 23:14:11,How the Latest COIN ETF Amendment Could Hurt Its Investors (and Perhaps Harm #Bitcoin Too) #etf #trading… https://t.co/LfJ4ovwlJB,39.0,33.0,2017-02-20
2017-02-21,2017-02-21,8.34131609699885e+17,2017-02-21 20:04:07,Blockchain Capital Lures #Bitcoin Analyst Away from Wall Street Firm https://t.co/ZoQSxqv6do #blockchain #fintech… https://t.co/2IhDtZEe4z,23.0,34.0,2017-02-21
2017-02-22,2017-02-22,8.342350564240957e+17,2017-02-22 02:55:11,Bitcoin Price Analysis: New Highs Are Nigh https://t.co/QCZXUcqM6a #bitcoin #bitcoinprice https://t.co/vLejyuwpDv,21.0,29.0,2017-02-22
2017-02-23,2017-02-23,8.348420847838454e+17,2017-02-23 19:07:18,Danish Police Can Now Catch Criminals Who Used Bitcoin https://t.co/SgwKGBkVjY #bitcoin #DarkWeb #blockchain https://t.co/bMgb0AtVar,24.0,27.0,2017-02-23
2017-02-24,2017-02-24,8.352539882201539e+17,2017-02-24 22:24:03,Using a Bitcoin Service? You May Need to Change Your Password (Now) https://t.co/9mZBpLz0SN #cloudflare #cloudbleed #bitcoin #Security,17.0,20.0,2017-02-24
2017-02-25,2017-02-25,,,,,,
2017-02-26,2017-02-26,8.359851863954063e+17,2017-02-26 22:49:34,ICYMI: Bitcoin’s Capacity Increase from Segregated Witness Could Kick in Fast https://t.co/NstG9hXBzs #bitcoin… https://t.co/CgjUGJqm1O,32.0,34.0,2017-02-26
2017-02-27,2017-02-27,8.360055761234944e+17,2017-02-27 00:10:36,ICYMI: #Bitcoin Price Analysis: New All-Time Highs Driven by USD Demand https://t.co/NKCJUL11Qa #bitcoinprice… https://t.co/ooYSGyQ22q,21.0,17.0,2017-02-27
2017-02-28,2017-02-28,8.364744838797722e+17,2017-02-28 07:13:52,ビットコイン 今日の相場・戦略　2017年2月28日 - https://t.co/kIRlu68maB #ビットコイン https://t.co/6XrNK7nFRA,10.0,4.0,2017-02-28
2017-03-01,2017-03-01,8.370711626181755e+17,2017-03-01 22:44:51,"ICYMI: Bloq Acquires Skry, Supercharges #Blockchain Analytics With #AI and Machine Learning https://t.co/AjMZAmCbLE… https://t.co/vVROJpJUjh",19.0,12.0,2017-03-01
2017-03-02,2017-03-02,8.373062719886131e+17,2017-03-02 14:19:06,AlphaPoint Completes #Blockchain Trial With Scotiabank https://t.co/w5HBZEKYz0 #fintech @AlphaPointLive @scotiabank https://t.co/jCxkVH6LZi,8.0,7.0,2017-03-02
2017-03-03,2017-03-03,8.377481834638377e+17,2017-03-03 19:35:06,Japanese Banks Plan to Make Payments Using @Ripple Blockchain https://t.co/dozo2W4gG4 #blockchain #fintech… https://t.co/YUFzOauuM3,35.0,64.0,2017-03-03
2017-03-04,2017-03-04,8.378253779763405e+17,2017-03-04 00:41:50,How Russia Plans to Boost Blockchain Development Now https://t.co/QF2al5rlW3 #russia #blockchain #fintech https://t.co/Q8mhQfBwnL,22.0,49.0,2017-03-04
2017-03-05,2017-03-05,,,,,,
2017-03-06,2017-03-06,8.388463804372869e+17,2017-03-06 20:18:56,Circle Still Uses #Bitcoin — But Is Also Building on #Ethereum https://t.co/JkKfWRCLFk @circlepay #payments #fintech https://t.co/8M51qULtE1,29.0,60.0,2017-03-06
2017-03-07,2017-03-07,8.391542410465239e+17,2017-03-07 16:42:16,New Regulatory Sandbox Could Boost #Blockchain Tech in Canada https://t.co/RcOP5HlmKa #canada #fintech… https://t.co/ZLOyG7dxXr,29.0,67.0,2017-03-07
2017-03-08,2017-03-08,8.395593942160548e+17,2017-03-08 19:32:12,Can Ethereum Classic Classic Become Ethereum Classic’s Ethereum Classic? https://t.co/nfOBEkmpnZ #ethereum… https://t.co/ztzy62WwgG,15.0,49.0,2017-03-08
2017-03-09,2017-03-09,8.398306394195272e+17,2017-03-09 13:30:02,ICYMI: Moscow Sees Bright Future for Infrastructure W/ #Blockchain https://t.co/4n7xDUbBdW #russia #infrastructure… https://t.co/pHo1wcNXbj,8.0,9.0,2017-03-09
2017-03-10,2017-03-10,8.402050829730816e+17,2017-03-10 14:17:56,So...how are we all feeling today?https://t.co/CSKJdNeXJ5 #bitcoinetf #bitcoin https://t.co/sMw0GGBv6I,17.0,18.0,2017-03-10
2017-03-11,2017-03-11,8.405778067278275e+17,2017-03-11 14:59:00,ICYMI: Bitcoin #Privacy for All: Breeze Wallet Is About to Bring TumbleBit to Life https://t.co/t71T7x5dKO #bitcoin… https://t.co/tuFUDzFVZo,41.0,40.0,2017-03-11
2017-03-12,2017-03-12,,,,,,
2017-03-13,2017-03-13,8.41408278680617e+17,2017-03-13 21:59:00,ICYMI: Ireland Is Becoming a “Landing Spot” for #Blockchain Tech https://t.co/nf8tHWxqNv #ireland #bitcoin #fintech https://t.co/u8NMlfOAYT,13.0,12.0,2017-03-13
2017-03-14,2017-03-14,8.4168731868783e+17,2017-03-14 16:27:49,Fusing Blockchain and IoT: An Interview With Filament’s CEO https://t.co/xNzUfVN9QI #blockchain #iot #fintech… https://t.co/OpYvcv8ay4,16.0,13.0,2017-03-14
2017-03-15,2017-03-15,8.420564076880568e+17,2017-03-15 16:54:26,Qtum Reveals “Go-Mobile” Strategy for Smart Contracts and IoT https://t.co/KLnNKV8YBh @QtumOfficial #blockchain… https://t.co/cisFztXOGz,13.0,9.0,2017-03-15
2017-03-16,2017-03-16,8.424863982718362e+17,2017-03-16 21:23:04,BABB Is Building a Mobile Bank on Blockchain Tech — But Sticking With Fiat https://t.co/QAx2TR5d5l #blockchain… https://t.co/2BMMDvo3PN,21.0,21.0,2017-03-16
2017-03-17,2017-03-17,8.427771980880855e+17,2017-03-17 16:38:36,"MIT Sloan CIO Symposium 2017. Theme - The CIO Adventure: Now, Next...Beyond. Join us on May 24, 2017, register at https://t.co/RbfYQLs695",8.0,9.0,2017-03-17
2017-03-18,2017-03-18,8.431077254248407e+17,2017-03-18 14:32:00,Bitcoin Traders Report Some Bank Accounts Still Being Terminated https://t.co/BKxrCvEUct #bitcoin #banking… https://t.co/MQTUmD3oFt,18.0,29.0,2017-03-18
2017-03-19,2017-03-19,,,,,,
2017-03-20,2017-03-20,8.439544242424586e+17,2017-03-20 22:36:29,Ether Price Analysis: Prepare for the Resistance https://t.co/3S7EI3nJRa #ethereum #price #blockchain #fintech… https://t.co/ME6N7HnXmr,26.0,27.0,2017-03-20
2017-03-21,2017-03-21,8.442668748169216e+17,2017-03-21 19:18:03,Blockchain-Based Digital Ad Solution Hopes to Take a Bite Out of Fraud https://t.co/atBTQ32HQy #blockchain… https://t.co/aIqxAGLKRN,13.0,13.0,2017-03-21
2017-03-22,2017-03-22,8.446649891557048e+17,2017-03-22 21:40:01,ICYMI: @BitPay Has Studied #Bitcoin #Blockchain Alternatives: “None of Them Are Compelling” https://t.co/ff4LxEEFuI… https://t.co/qLLy7ru4H7,22.0,24.0,2017-03-22
2017-03-23,2017-03-23,8.450286399011922e+17,2017-03-23 21:45:02,"ICYMI: ""We“Desperately Need Balance of Power in the #Mining Space” https://t.co/n2KVWRcNbg #bitcoin… https://t.co/0zodeofRGI",14.0,23.0,2017-03-23
2017-03-24,2017-03-24,8.453867426810921e+17,2017-03-24 21:28:00,"ICYMI: LTB Podcast Network Acquired by BTC Media, Prepares for Relaunch https://t.co/y8Mnl6v1M9 #bitcoin… https://t.co/qgGUgZ9Sgp",31.0,32.0,2017-03-24
2017-03-25,2017-03-25,,,,,,
2017-03-26,2017-03-26,,,,,,
2017-03-27,2017-03-27,8.464796940189942e+17,2017-03-27 21:51:00,ICYMI: How #Blockchain Tech Will Create a Distributed Future for the #Energy Sector https://t.co/jAvdPcUXYP… https://t.co/648mgMxt2B,14.0,12.0,2017-03-27
2017-03-28,2017-03-28,8.467684577943593e+17,2017-03-28 16:58:27,Ether Price Analysis: Miners Are Bullish — But Prepare for Pullback https://t.co/RenS9Zs7Mq #ethereum #price… https://t.co/rOaDks8ZN9,14.0,12.0,2017-03-28
2017-03-29,2017-03-29,8.470829696637133e+17,2017-03-29 13:48:12,Bitcoin Unlimited Miners May Be Preparing a 51% Attack on Bitcoin https://t.co/eVDqx3lOvs #bitcoin… https://t.co/6B4mXpnz2K,69.0,100.0,2017-03-29
2017-03-30,2017-03-30,8.474433891338936e+17,2017-03-30 13:40:23,RT @alt_bit_coins: Kenyan #fintech Innovators Benefit From Global Conference https://t.co/uu6ycXdAxM https://t.co/BPryFc0LGc,0.0,9.0,2017-03-30
2017-03-31,2017-03-31,8.478600376410153e+17,2017-03-31 17:16:00,Democratizing Real Estate Investing With #Blockchain Technology https://t.co/CHpzfVxjkb #realestateinvesting… https://t.co/dJBXesfjjO,18.0,14.0,2017-03-31
2017-04-01,2017-04-01,8.481718479927132e+17,2017-04-01 13:55:01,ICYMI: Blockchain Solutions Coming for U.S. Crude Oil Market https://t.co/r8oVvRDsYR #Oil #oilandgas #blockchain… https://t.co/eCm8ULMSZw,19.0,12.0,2017-04-01
2017-04-02,2017-04-02,,,,,,
2017-04-03,2017-04-03,8.489139519958548e+17,2017-04-03 15:03:52,Meet ConnectBTC: Bitmain’s Newest #Bitcoin Mining Pool https://t.co/yFqAaUuAk6 #mining #blockchain @BITMAINtech https://t.co/Z7d8hwKy51,18.0,13.0,2017-04-03
2017-04-04,2017-04-04,8.49299283769688e+17,2017-04-04 16:35:03,BitPay CEO Stephen Pair: Bitcoin Unlimited Would Materially Degrade the Network https://t.co/lh35Azik5T #bitcoin… https://t.co/nENE2kTgUK,14.0,16.0,2017-04-04
2017-04-05,2017-04-05,8.496223293490708e+17,2017-04-05 13:58:43,Blockchain and Space-based “Digital Twin” of Earth Offer Insights and Web Connectivity https://t.co/5vU29jdXKn… https://t.co/QBFlHCLOrN,13.0,11.0,2017-04-05
2017-04-06,2017-04-06,8.50074999465685e+17,2017-04-06 19:57:28,Blockchain Proponent and Economist Hernando de Soto Honored With Global Award https://t.co/EVDDZFivsv #blockchain… https://t.co/kRElLsvkwQ,22.0,21.0,2017-04-06
2017-04-07,2017-04-07,8.504842735976161e+17,2017-04-07 23:03:46,ETH Price Analysis: A Likely Continuation of Bearish Sentiment https://t.co/VUMTP5sJM7 #ethereum #etherprice… https://t.co/ezQ2LytV5L,22.0,26.0,2017-04-07
2017-04-08,2017-04-08,,,,,,
2017-04-09,2017-04-09,,,,,,
2017-04-10,2017-04-10,8.515450710023291e+17,2017-04-10 21:19:00,ICYMI: #Bitcoin Mainly Used as Speculative Investment in Southeast Asia https://t.co/L7W0CNy19E  #blockchain… https://t.co/BtjHoBOdoL,13.0,14.0,2017-04-10
2017-04-11,2017-04-11,8.51916815857066e+17,2017-04-11 21:56:11,"Breaking Down Bitcoin's ""AsicBoost Scandal"" https://t.co/rarENNfAfV #bitcoin #segwit #BitcoinUnlimited #Blockchain https://t.co/L9Nsm9j46Y",41.0,50.0,2017-04-11
2017-04-12,2017-04-12,8.521442779120804e+17,2017-04-12 13:00:02,ICYMI: Wyre Pivoted Away from Consumer #Bitcoin Payments: “It Didn’t Work” https://t.co/XD7TRbGU61 #payments… https://t.co/6w0qlgO4bZ,9.0,4.0,2017-04-12
2017-04-13,2017-04-13,8.525379335130194e+17,2017-04-13 15:04:17,Thursday's Ether Price Analysis: Bullish Momentum Continues https://t.co/8GYff2vCr2 #ethereum #price #trading https://t.co/XK9ODdOMah,15.0,14.0,2017-04-13
2017-04-14,2017-04-14,8.530001610895155e+17,2017-04-14 21:41:01,ICYMI: Breaking Down Bitcoin’s “AsicBoost Scandal”: Some Solutions https://t.co/Ufx7ml5nqD #bitcoin #mining… https://t.co/OQqTgLy7U5,24.0,20.0,2017-04-14
2017-04-15,2017-04-15,8.532637926873743e+17,2017-04-15 15:08:35,【速報】国産モナーコイン、SegWit可決　世界初 - https://t.co/7jKuxuGbDT #ビットコイン https://t.co/GfNOHeRVYL,75.0,54.0,2017-04-15
2017-04-16,2017-04-16,,,,,,
2017-04-17,2017-04-17,8.540280540537569e+17,2017-04-17 17:45:29,Innovation Percolates When #Coffee Meets the #Blockchain https://t.co/gf54c0d7gL #innovation #fintech #supplychain… https://t.co/fMzDW41VBK,11.0,6.0,2017-04-17
2017-04-18,2017-04-18,8.544069789443318e+17,2017-04-18 18:51:12,"Dubai's Global Blockchain Council Combats ""Conflict Diamond"" Trading https://t.co/TlUTBAXnId #blockchain #dubai… https://t.co/kufv1UKcSE",14.0,13.0,2017-04-18
2017-04-19,2017-04-19,8.545985174903071e+17,2017-04-19 07:32:18,ビットコイン 今日の相場・戦略　2017年4月19日 - https://t.co/nnKZgigKvl #ビットコイン https://t.co/eKu8ZmIVLA,2.0,0.0,2017-04-19
2017-04-20,2017-04-20,8.551754929907712e+17,2017-04-20 21:45:00,ICYMI: How #Bitcoin Extension Blocks Are Backward Compatible - and How They Re Not https://t.co/BzXtvqQ7Fh #segwit… https://t.co/MZxi7VnA15,8.0,4.0,2017-04-20
2017-04-21,2017-04-21,8.555396429295657e+17,2017-04-21 21:52:00,Making the Case for #Bitcoin as Legal Property https://t.co/IlK52JKlPo #regulation #fintech #blockchain,14.0,22.0,2017-04-21
2017-04-22,2017-04-22,8.55768149056254e+17,2017-04-22 13:00:00,"ICYMI: #Bitcoin Powered Mobile App @BitMakerApp Has Quietly Amassed 250,000 Active Users https://t.co/I2Jog7McS0 #fintech #mobileapps",12.0,7.0,2017-04-22
2017-04-23,2017-04-23,8.562834409956024e+17,2017-04-23 23:07:35,Bitcoin Core 0.14.1: SegWit Signalling and Memory Accountinghttps://t.co/hratQtdsVC #bitcoin #segwit https://t.co/eHNOFr8iW5,26.0,32.0,2017-04-23
2017-04-24,2017-04-24,8.565324473197404e+17,2017-04-24 15:37:03,"U.K.’s Royal Mint, the Blockchain and Gold: A Look Ahead https://t.co/KTrmbFX0Yc #bitcoin @BitGo #blockchain #fintech",14.0,17.0,2017-04-24
2017-04-25,2017-04-25,8.569826792957993e+17,2017-04-25 21:26:07,Malta Rolls Out Ambitious Strategy for #Blockchain Technology https://t.co/IwAinqwyLt #malta #fintech #investment,20.0,19.0,2017-04-25
2017-04-26,2017-04-26,8.572444687135334e+17,2017-04-26 14:46:22,Bitcoin Price Analysis: Is a $1700 Target in Sight? https://t.co/RLS53WPSzp #bitcoin #price #ETF,25.0,18.0,2017-04-26
2017-04-27,2017-04-27,8.575687679115264e+17,2017-04-27 12:15:01,ICYMI: #Bitmain Can Remotely Shut Down Your #Antminer (and Everyone Else's) https://t.co/UnpmTC3Nt2 #bitcoin #mining #security #antbleed,10.0,7.0,2017-04-27
2017-04-28,2017-04-28,8.579587633782088e+17,2017-04-28 14:04:43,Ether Price Analysis: Rising Bitcoin Tide Lifts ETH to New Target Highs https://t.co/GCWyfrIo8a #ethereum #ether #bitcoin #trading,12.0,11.0,2017-04-28
2017-04-29,2017-04-29,8.583197904270377e+17,2017-04-29 13:59:19,Kick back and catch up on this week's #bitcoin &amp; #blockchain news - Happy Saturday! https://t.co/1BM543nZ9M,14.0,14.0,2017-04-29
2017-04-30,2017-04-30,,,,,,
2017-05-01,2017-05-01,8.591547185511014e+17,2017-05-01 21:17:01,Monday's Bitcoin Price Analysis: Keeping Grounded as Price Skyrocketshttps://t.co/Y1ecqBLqX3 #bitcoin #bitcoinprice #trading,21.0,20.0,2017-05-01
2017-05-02,2017-05-02,8.592047474081505e+17,2017-05-02 00:35:49,Keep an Eye on Hangzhou: A Growing Hub for #Blockchain Development https://t.co/V7lWssjb5c #china #bitcoin #fintech,20.0,14.0,2017-05-02
2017-05-03,2017-05-03,8.598586745835643e+17,2017-05-03 19:54:18,Last week's #Bitcoin Price Analysis: Is a $1700 Target in Sight? (Looking good...)https://t.co/RLS53WPSzp,16.0,13.0,2017-05-03
2017-05-04,2017-05-04,8.602401186863964e+17,2017-05-04 21:10:01,The Lost Records of Shantou: A Case for #Blockchain Tokenization https://t.co/IOxQ2Rnj7z #token #property #china,16.0,14.0,2017-05-04
2017-05-05,2017-05-05,8.605855370312417e+17,2017-05-05 20:02:35,Innogy Charges Up New Electric Car Fleet Using #Ethereum https://t.co/w7NpzUVhQv @innogy #blockchain #fintech #ElectricCar,21.0,19.0,2017-05-05
2017-05-06,2017-05-06,8.608471183528714e+17,2017-05-06 13:22:01,ICYMI: Innogy Charges Up New Electric Car Fleet Using #Ethereum https://t.co/w7NpzUVhQv @innogy #blockchain #fintech #ElectricCar,34.0,30.0,2017-05-06
2017-05-07,2017-05-07,,,,,,
2017-05-08,2017-05-08,8.616539399006085e+17,2017-05-08 18:48:02,This #Blockchain Startup is Taking Aim at “Fake News” https://t.co/R4G1HT20Ds #fakenews #startups @userfeeds,15.0,7.0,2017-05-08
2017-05-09,2017-05-09,8.619555418238935e+17,2017-05-09 14:46:30,Bitcoin Price Analysis: $1700 and Rising (But So Are Fees) https://t.co/J8NjM5mUzb #bitcoin #bitcoinprice #trading,8.0,8.0,2017-05-09
2017-05-10,2017-05-10,8.624341785535734e+17,2017-05-10 22:28:26,Litecoin Has Now Deployed Segregated Witness https://t.co/RbyKN8bp9E #litecoin #SEGWIT #blockchain #Bitcoin @SatoshiLite,254.0,166.0,2017-05-10
2017-05-11,2017-05-11,8.626507531686257e+17,2017-05-11 12:49:01,ICYMI: Litecoin Has Now Deployed Segregated Witness https://t.co/RbyKN8bp9E #litecoin #SEGWIT #blockchain #Bitcoin @SatoshiLite,46.0,26.0,2017-05-11
2017-05-12,2017-05-12,8.630224123000054e+17,2017-05-12 13:25:51,Ether Price Analysis: Bullish Outlook Continues As Resistance Levels Hold https://t.co/ZLFCi9OupI #ether #Ethereum #blockchain #FinTech,18.0,16.0,2017-05-12
2017-05-13,2017-05-13,8.633976788849787e+17,2017-05-13 14:17:02,This Week on @TheLTBNetwork -More Mainstream UseCases Needed to Secure #Bitcoin's Legitimacy https://t.co/SxjYurNR1d #Ransomware #Security,13.0,10.0,2017-05-13
2017-05-14,2017-05-14,,,,,,
2017-05-15,2017-05-15,8.641620764403098e+17,2017-05-15 16:54:29,#Palestine May Launch Its Own Cryptocurrency as Sovereign Legal Tender https://t.co/juMrvM0ikn  #Israel #cryptocurrency  #blockchain,29.0,31.0,2017-05-15
2017-05-16,2017-05-16,8.64603702115672e+17,2017-05-16 22:09:20,Four Quick Questions and Answers About Ransomware and #Bitcoin https://t.co/WTjhwBxJPt #WannaCry #wannacrypt https://t.co/ObFVYO5UA5,13.0,15.0,2017-05-16
2017-05-17,2017-05-17,8.649579532621783e+17,2017-05-17 21:37:00,ICYMI: Norwegian Bank Grants Access to #Bitcoin Investments Through Online Banking https://t.co/NUbU8NWJON #norway #cryptocurrency #fintech,26.0,31.0,2017-05-17
2017-05-18,2017-05-18,8.651175898858004e+17,2017-05-18 08:11:21,ビットコイン 今日の相場・戦略　2017年5月18日 - https://t.co/v81OZKEMM6 #ビットコイン https://t.co/Pwji1ILzYC,2.0,0.0,2017-05-18
2017-05-19,2017-05-19,8.653672544348037e+17,2017-05-19 00:43:25,Bitmain May Be Infringing on the AsicBoost Patent After All https://t.co/i46E5pKlOG #bitcoin #mining #ASICBOOST #blockchain,76.0,59.0,2017-05-19
2017-05-20,2017-05-20,8.65920544381784e+17,2017-05-20 13:22:00,University Student Involvement Supports Australia’s Booming #Blockchain Community https://t.co/Eh4ZF9rhHN… https://t.co/Uz5bwqoFqW,11.0,14.0,2017-05-20
2017-05-21,2017-05-21,8.663393262669455e+17,2017-05-21 17:06:05,Trending now: From the archives - Ross Ulbricht Reflects on Life in Prison; New Proof of Evidence-Tampering https://t.co/s1bDuXGLLF #Bitcoin,29.0,26.0,2017-05-21
2017-05-22,2017-05-22,8.667672489790464e+17,2017-05-22 21:26:30,Op Ed: How One Investor Is Riding the #Cryptocurrency Token Wave https://t.co/O8eBATM3ew #blockchain @blockchaincap… https://t.co/23DmNHhGQ7,16.0,10.0,2017-05-22
2017-05-23,2017-05-23,8.66995378989781e+17,2017-05-23 12:33:01,ShapeShift Introduces Prism's Trustless #Crypto Asset Portfolios https://t.co/RGSWFSxP1I @ShapeShift_io #prism… https://t.co/HgFCUkDmTH,24.0,29.0,2017-05-23
2017-05-24,2017-05-24,8.67489134683861e+17,2017-05-24 21:15:01,Qtum’s Block Size Limit Will Be Governed by Smart Contracts: Here’s How https://t.co/I3EtJXppQM @QtumOfficial… https://t.co/at0NaIvfcv,9.0,7.0,2017-05-24
2017-05-25,2017-05-25,8.678282298554737e+17,2017-05-25 19:42:28,Social Messaging App @Kik Will Bring #Crypto Tokens to Teen Market https://t.co/YDPEq9tkT2 #cryptocurrencies… https://t.co/LaeL3fK97W,14.0,10.0,2017-05-25
2017-05-26,2017-05-26,8.682038172334694e+17,2017-05-26 20:34:55,Vinny Lingham Embarks on #Identity Management Quest With Civic @civickey https://t.co/uDHV1p6klj #security… https://t.co/sW8ty5yFql,10.0,15.0,2017-05-26
2017-05-27,2017-05-27,,,,,,
2017-05-28,2017-05-28,,,,,,
2017-05-29,2017-05-29,8.69280031016706e+17,2017-05-29 19:51:24,Bolivian Authorities Arrest 60 ‘Cryptocurrency Promoters’ https://t.co/AvXf6VcMKQ #bolivia #bitcoin #cryptocurrency… https://t.co/dhPLDoDE5Q,39.0,46.0,2017-05-29
2017-05-30,2017-05-30,8.696237460337459e+17,2017-05-30 18:37:12,How to Hold Bitcoin in an IRA and Why It’s Still Not Easy https://t.co/hyfhiTOwky #bitcoin #fintech #investing,11.0,9.0,2017-05-30
2017-05-31,2017-05-31,8.699810851525878e+17,2017-05-31 18:17:08,A Bitcoin Beginner’s Guide to Surviving the BIP 148 UASF https://t.co/pkcByaoezp #UASF #blockchain #bitcoin #cryptocurrencies,255.0,229.0,2017-05-31
2017-06-01,2017-06-01,8.70297335028437e+17,2017-06-01 15:13:48,Bitcoin Price Analysis: Best Month Finishes With Potential for Bigger Highs (and Lows) https://t.co/Fw6CSFykmH #bitcoin #bitcoinprice,26.0,24.0,2017-06-01
2017-06-02,2017-06-02,8.707492721485087e+17,2017-06-02 21:09:38,"ICYMI: Survey: Malaysians Warm Up to Cryptocurrencies, #Bitcoin Remains Favorite https://t.co/hBEiCus0gR #cryptocurrency #Malaysia #fintech",10.0,11.0,2017-06-02
2017-06-03,2017-06-03,8.707939542451364e+17,2017-06-03 00:07:11,This Month on Bitcoin Magazine: Welcome to the Age of ICOs https://t.co/A3nEIXMowr  #ICO #ethereum #bitcoin #qtum #blockchain #investing,32.0,18.0,2017-06-03
2017-06-04,2017-06-04,,,,,,
2017-06-05,2017-06-05,8.717274010589348e+17,2017-06-05 13:56:22,Check out our latest cover story: Welcome to the Age of #ICOs https://t.co/A3nEIXMowr #bitcoin #blockchain #investing #cryptocurrencies,26.0,21.0,2017-06-05
2017-06-06,2017-06-06,8.719401837673472e+17,2017-06-06 04:01:54,Price Analysis: #Cryptocurrencies Hit $100 Billion Market Cap as #Bitcoin Reaches for New Highs https://t.co/IZBPUxLevP #trading,54.0,59.0,2017-06-06
2017-06-07,2017-06-07,8.725623798963569e+17,2017-06-07 21:14:17,Watch: How #Blockchain Tech Can Go Mainstream: MoneyConf Madrid 2017 https://t.co/xdjJ511BVV #moneyconf2017 #fintech @jonmatonis,24.0,25.0,2017-06-07
2017-06-08,2017-06-08,8.729243080830198e+17,2017-06-08 21:12:27,"Interview: Vitalik Buterin on Scaling #Ethereum, Its Popularity in Asia and ICOs https://t.co/fKzP0pSHje… https://t.co/SVyYcSyc4k",141.0,139.0,2017-06-08
2017-06-09,2017-06-09,8.731541773582336e+17,2017-06-09 12:25:52,"ICYMI: Interview w/ Vitalik Buterin on Scaling #Ethereum, Its Popularity in Asia and ICOs https://t.co/fKzP0pSHje… https://t.co/SX9M6hwr5l",28.0,26.0,2017-06-09
2017-06-10,2017-06-10,8.735240543173059e+17,2017-06-10 12:55:38,"Coin Center to Congress: Give Blockchain Developers ""Safe Harbor"" https://t.co/dbyNchdfbA #bitcoin #blockchain",25.0,35.0,2017-06-10
2017-06-11,2017-06-11,,,,,,
2017-06-12,2017-06-12,8.742865572970783e+17,2017-06-12 15:25:33,"""The Future Is Here"": Singapore Tokenizes Fiat Currency on the Blockchain https://t.co/VCZ23NKY84 #Singapore #blockchain #fintech",39.0,43.0,2017-06-12
2017-06-13,2017-06-13,8.74705614450176e+17,2017-06-13 19:10:44,Nevada Takes a Chance on Pro-Blockchain Legislation https://t.co/lm25CjvNvv #blockchain #Nevada #regulation #bitcoin #tech #cryptocurrency,23.0,18.0,2017-06-13
2017-06-14,2017-06-14,8.750375946938409e+17,2017-06-14 17:09:54,Could #Switzerland Become Home to First-Ever Crypto ETF? https://t.co/qZD5Cy21jn #ETFs #cryptocurrency #bitcoin #ether #Litecoin #fintech,45.0,44.0,2017-06-14
2017-06-15,2017-06-15,8.753558598445179e+17,2017-06-15 14:14:34,ICYMI: Bitmain Responds to #UASF With Another Bitcoin Hard Fork Announcement https://t.co/b9SOSU6C8F #bitmain #bitcoin #blockchain,14.0,21.0,2017-06-15
2017-06-16,2017-06-16,8.758356609213399e+17,2017-06-16 22:01:08,Ether Price Analysis: Price Movement Shows Strong Market Value https://t.co/sKtlUzVLac #Ethereum $ETHUSD #cryptocurrencies #trading,58.0,42.0,2017-06-16
2017-06-17,2017-06-17,,,,,,
2017-06-18,2017-06-18,,,,,,
2017-06-19,2017-06-19,8.768882740942234e+17,2017-06-19 19:43:50,Project TITANIUM: The EU’s Plan to Decloak Cryptocurrency https://t.co/fv046Myxhp #titanium #cryptocurrencies #bitcoin #privacy,17.0,21.0,2017-06-19
2017-06-20,2017-06-20,8.77302404718506e+17,2017-06-20 23:09:27,RT @_poetproject: We're happy to announce our integration with @btcmediaorg a leader in both the Digital Media &amp; Bitcoin industries https:/…,0.0,19.0,2017-06-20
2017-06-21,2017-06-21,8.775464593983693e+17,2017-06-21 15:19:14,(Sponsored) @BitKanOfficial Meetup Highlights #OTC Trading in China: https://t.co/zNoEoxctZC,7.0,4.0,2017-06-21
2017-06-22,2017-06-22,8.779204413602365e+17,2017-06-22 16:05:18,Cambodian Central Bank Is Trialing #Blockchain Technology https://t.co/penMvtfMuQ #Banking #cambodia #canada,15.0,11.0,2017-06-22
2017-06-23,2017-06-23,8.78073070212264e+17,2017-06-23 02:11:48,"Antshares Rebrands, Introduces NEO and the New Smart Economy https://t.co/djBfzYr5o6 @antshares $ans #blockchain #China #fintech @Microsoft",37.0,31.0,2017-06-23
2017-06-24,2017-06-24,,,,,,
2017-06-25,2017-06-25,8.788466713330647e+17,2017-06-25 05:25:49,Infographics: Timeline History of Bitcoin Scalability Debate(English ver) - https://t.co/ILFaRcWgrV #ビットコイン https://t.co/jcCP3eemZa,13.0,11.0,2017-06-25
2017-06-26,2017-06-26,8.793633372550922e+17,2017-06-26 15:38:52,"RT @DistLedger: On July 24, lead the conversation on blockchain innovation for global payments, insurance services and supply chain: https:…",0.0,13.0,2017-06-26
2017-06-27,2017-06-27,8.796950837754307e+17,2017-06-27 13:37:06,Bitcoin Price Analysis: Bear Run Shows No Decrease in Momentum https://t.co/zidejqGXvg #bitcoin #price #investing $btcusd,18.0,33.0,2017-06-27
2017-06-28,2017-06-28,8.80085135831511e+17,2017-06-28 15:27:02,"RT @DistLedger: Read part one in our series on driving the future of blockchains, shifting from cars to supercomputers: https://t.co/RAdqrY…",0.0,11.0,2017-06-28
2017-06-29,2017-06-29,8.802347998012662e+17,2017-06-29 01:21:44,RT @Hyperledger: Join us at Distributed Trade in St. Louis on 7/24. @brianbehlendorf will be speaking! https://t.co/ZoJFg4tE5L,0.0,15.0,2017-06-29
2017-06-30,2017-06-30,8.809075625851412e+17,2017-06-30 21:55:04,How a #Bitcoin Whitehat Hacker Helped the FBI Catch a Murderer https://t.co/5DVRAkEAx9 #whitehat,23.0,45.0,2017-06-30
2017-07-01,2017-07-01,,,,,,
2017-07-02,2017-07-02,,,,,,
2017-07-03,2017-07-03,8.819492389717811e+17,2017-07-03 18:54:19,Countdown to SegWit: These Are the Dates to Keep an Eye On https://t.co/PpbhzaeOPN #bitcoin #segwit #segwit2x #blockchain,376.0,377.0,2017-07-03
2017-07-04,2017-07-04,8.822279834356654e+17,2017-07-04 13:21:56,Our new cover story: Countdown to #SegWit: These Are the Dates to Keep an Eye On by @AaronvanW https://t.co/PpbhzaeOPN #bitcoin #segwit2x,36.0,27.0,2017-07-04
2017-07-05,2017-07-05,8.826199701061222e+17,2017-07-05 15:19:33,RT @DistLedger: Here's a preview of what to expect during a Distributed: #Trade panel on #food #supplychain: https://t.co/Dbv2hp9iZN Get yo…,0.0,22.0,2017-07-05
2017-07-06,2017-07-06,8.83020011161387e+17,2017-07-06 17:49:11,RT @DistLedger: How can blockchain technology protect consumer privacy while also ensuring successful ad campaigns?  https://t.co/j1w1zTeEVd,0.0,16.0,2017-07-06
2017-07-07,2017-07-07,8.833893423995535e+17,2017-07-07 18:16:46,RT @Hyperledger: Will we see you at Distributed: Trade later this month in St. Louis? @brianbehlendorf will be keynoting! https://t.co/ZoJF…,0.0,11.0,2017-07-07
2017-07-08,2017-07-08,,,,,,
2017-07-09,2017-07-09,,,,,,
2017-07-10,2017-07-10,8.844413048386806e+17,2017-07-10 15:56:53,"Tick, tick, tick... Countdown to SegWit: These Are the Dates to Keep an Eye Onhttps://t.co/PpbhzaeOPN #bitcoin #segwit2x #segwit #Crypto",19.0,36.0,2017-07-10
2017-07-11,2017-07-11,8.847581221406638e+17,2017-07-11 12:55:48,ICYMI: #Bitcoin Price Analysis: Bear Markets Test Crucial Support Levels https://t.co/mVP2f6BdWa #bitcoinprice $BTC $btcusd #cryptocurrency,12.0,12.0,2017-07-11
2017-07-12,2017-07-12,8.852517988225229e+17,2017-07-12 21:37:30,"ICYMI: #Privacy Project TumbleBit Inches Closer to Release With Tor Integration, New Wallet https://t.co/rSmtF7UB1x #bitcoin #cryptocurrency",21.0,20.0,2017-07-12
2017-07-13,2017-07-13,8.85492852930773e+17,2017-07-13 13:35:22,ICYMI: Got a Coinbase Account &amp; an Opinion on #Bitcoin Scaling? Be Heard on KYCPoll https://t.co/R5N3e79hAJ #segwit #segwit2x #blockchain,14.0,13.0,2017-07-13
2017-07-14,2017-07-14,8.859225392388219e+17,2017-07-14 18:02:47,RT @Hyperledger: We'll be at Distributed: Trade on July 24. @brianbehlendorf will discuss enterprise implementation of blockchain: https://…,0.0,17.0,2017-07-14
2017-07-15,2017-07-15,8.862736033266729e+17,2017-07-15 17:17:47,"ICYMI: #AlphaBayMarket Shut Down by Law Enforcement, Admin Commits Suicide in Jail https://t.co/uGMiCzrnqP #alphabay #Darknet #bitcoin",22.0,16.0,2017-07-15
2017-07-16,2017-07-16,8.863801496457462e+17,2017-07-16 00:21:10,Bitcoin Miners Miss the First BIP 148 “Deadline” https://t.co/vX5xrJ4f6T #bitcoin #BIP148 #scaling #segwit2x #segwit #blockchain,164.0,170.0,2017-07-16
2017-07-17,2017-07-17,8.869865284461855e+17,2017-07-17 16:30:42,RT @AaronvanW: I just added a bunch of updates to our coverstory to better reflect the latest developments. https://t.co/nF87tvZsI3,0.0,44.0,2017-07-17
2017-07-18,2017-07-18,8.873398411842028e+17,2017-07-18 15:54:38,This New Tool Can Help #Bitcoin Users Deal With Stuck Transactions https://t.co/GKrhJhtsdY @SamouraiWallet #blockchain,50.0,43.0,2017-07-18
2017-07-19,2017-07-19,8.87690276512428e+17,2017-07-19 15:07:09,RT @DistLedger: Part four in our series on how #blockchains are changing the #auto industry introduces usage-based #insurance https://t.co/…,0.0,7.0,2017-07-19
2017-07-20,2017-07-20,8.881505500465316e+17,2017-07-20 21:36:06,Hansa Market Taken Down in Global Law Enforcement Operation https://t.co/3eszFhCYqr #Hansa #DOJ #Darknet #AlphaBay #bitcoin,6.0,9.0,2017-07-20
2017-07-21,2017-07-21,8.882082548530995e+17,2017-07-21 01:25:24,BIP 91 Has Activated. Here’s What That Means (and What It Does Not) https://t.co/zrgdzniJla #BIP91 #bitcoin #blockchain #segwit,218.0,216.0,2017-07-21
2017-07-22,2017-07-22,8.88791932780118e+17,2017-07-22 16:04:44,RT @BitPay: Check out @kyletorpey's @BitcoinMagazine interview with BitPay CEO @spair on the current state of #Bitcoin scaling: https://t.c…,0.0,19.0,2017-07-22
2017-07-23,2017-07-23,8.889900383058125e+17,2017-07-23 05:11:56,BIP91がアクティベート、SegWit支持率は97.9%の高止まり - https://t.co/Ir9Gqgcq8V #ビットコイン https://t.co/CP9JuSyw29,64.0,46.0,2017-07-23
2017-07-24,2017-07-24,8.89484644055384e+17,2017-07-24 13:57:19,RT @BitKanOfficial: Welcome to 2017 Blockchain Global Summit! Early Bird Tickets https://t.co/yhO4XjHH73 https://t.co/chTEKQQkVO,0.0,21.0,2017-07-24
2017-07-25,2017-07-25,8.899195515546296e+17,2017-07-25 18:45:29,ICYMI: The Stage Is Set in Stanford for the Next Scaling Bitcoin Workshops #bitcoin #blockchain #cryptocurrency https://t.co/G59V41stjA,18.0,14.0,2017-07-25
2017-07-26,2017-07-26,8.901860830693048e+17,2017-07-26 12:24:35,London Stock Exchange Partners With IBM to Develop Securities Data Blockchain https://t.co/tH7HfpTtPK #blockchain #data @ibm @MediaLSE,74.0,82.0,2017-07-26
2017-07-27,2017-07-27,8.905603069839647e+17,2017-07-27 13:11:37,ICYMI: SEC Weighs In on ICO Tokens as Securities; #Ether Still Labeled “Currency” https://t.co/74SMxr9adv #blockchain #icos #ethereum,30.0,29.0,2017-07-27
2017-07-28,2017-07-28,8.910380497858396e+17,2017-07-28 20:50:00,Investing in #Cryptocurrencies as Securities: An Interview from a #Legal Perspective https://t.co/gK8V2qzMKU #blockchain #ICOS,30.0,33.0,2017-07-28
2017-07-29,2017-07-29,,,,,,
2017-07-30,2017-07-30,,,,,,
2017-07-31,2017-07-31,8.921233763823002e+17,2017-07-31 20:42:42,Op ED: Launching an ICO? Follow This Advice from the SEC https://t.co/oWiDjzozaU via @BitcoinMagazine,6.0,8.0,2017-07-31
2017-08-01,2017-08-01,8.924491543074284e+17,2017-08-01 18:17:13,ICYMI: The Future of “#BitcoinCash:” An Interview with #BitcoinABC lead developer Amaury Séchet https://t.co/O3KIz0dbYX #bitcoin,11.0,5.0,2017-08-01
2017-08-02,2017-08-02,8.928949939244605e+17,2017-08-02 23:48:50,The Birth of $BCH: The First Crazy Days of “Bitcoin Cash” https://t.co/MmJdZMD5ka #bitcoin #BitcoinCash #BitcoinFork #cryptocurrency,38.0,37.0,2017-08-02
2017-08-03,2017-08-03,8.931730260067328e+17,2017-08-03 18:13:38,"RT @BitcoinMagazine: Day 3 of our post-#BitcoinFork LiveBlog, w/ @AaronvanW! Check out the action &amp; get caught up on the news. https://t.co…",0.0,17.0,2017-08-03
2017-08-04,2017-08-04,8.934757917569843e+17,2017-08-04 14:16:43,Just 10 minutes left to participate in our poll! #BitcoinCash or #bcash? Or does it even matter? #bitcoin https://t.co/yihu4ohNvB,10.0,13.0,2017-08-04
2017-08-05,2017-08-05,,,,,,
2017-08-06,2017-08-06,,,,,,
2017-08-07,2017-08-07,8.946289292433162e+17,2017-08-07 18:38:52,Bitcoin Cash or Bcash: What's in a Name? https://t.co/IjoMn85Cpm #bitcoin #BitcoinCash #BCash #cryptocurrencies,33.0,26.0,2017-08-07
2017-08-08,2017-08-08,8.950150726528246e+17,2017-08-08 20:13:16,One final update: Countdown to SegWit: These Are the Dates to (Still) Keep an Eye On https://t.co/PpbhzaeOPN #blockchain #segwit #bitcoin,37.0,45.0,2017-08-08
2017-08-09,2017-08-09,8.9542337195699e+17,2017-08-09 23:15:42,Ether Price Analysis: All Signs Point Onward and Upward https://t.co/uo5O1uFYtF $ETH $ETHUSD #trading #ethereum,56.0,43.0,2017-08-09
2017-08-10,2017-08-10,8.956509088847462e+17,2017-08-10 14:19:51,"Happy Birthday, @smithsonian!  Proud to represent #bitcoin and be a part of your history. https://t.co/ANNN0Ju3dp",70.0,58.0,2017-08-10
2017-08-11,2017-08-11,8.960241220057825e+17,2017-08-11 15:02:52,RT @DistLedger: Can the #blockchain meet the #FDA's tightening  supply chain regulations in #Pharma? https://t.co/9EIxh7cyWr,0.0,31.0,2017-08-11
2017-08-12,2017-08-12,,,,,,
2017-08-13,2017-08-13,,,,,,
2017-08-14,2017-08-14,8.972021057354138e+17,2017-08-14 21:03:45,"Op Ed: #Cryptocurrencies, ICOs and the Untapped Family Office Group https://t.co/KVthhRao4G #investing #ICO",23.0,18.0,2017-08-14
2017-08-15,2017-08-15,8.974717828814602e+17,2017-08-15 14:55:21,Blockstream Satellite: Broadcasting Bitcoin From Space https://t.co/NfCq9ST7Ml #bitcoin #Space @Blockstream #blockchain,211.0,188.0,2017-08-15
2017-08-16,2017-08-16,8.978612575707914e+17,2017-08-16 16:42:59,Crypto Exchange Shapeshift Acquires KeepKey Hardware Wallets https://t.co/8zwTwG5HGZ @ShapeShift_io @bitcoinkeepkey #bitcoin #blockchain,66.0,59.0,2017-08-16
2017-08-17,2017-08-17,8.982395545111552e+17,2017-08-17 17:46:12,RT @DistLedger: How will the #blockchain Change the healthcare systems unique problems?https://t.co/87RrFsw8RC,0.0,28.0,2017-08-17
2017-08-18,2017-08-18,8.986028717924557e+17,2017-08-18 17:49:54,HiddenWallet and Samourai Wallet Join Forces to Make #Bitcoin Private With ZeroLink https://t.co/XMAeQj3zLT @SamouraiWallet #privacy,64.0,47.0,2017-08-18
2017-08-19,2017-08-19,8.989532176979231e+17,2017-08-19 17:02:03,A Bitcoin Social Media Storm Hit BitPay This Week: Here's Why https://t.co/7922orRlXc #bitcoin #segwit2x #segwit,63.0,69.0,2017-08-19
2017-08-20,2017-08-20,,,,,,
2017-08-21,2017-08-21,8.996611456483738e+17,2017-08-21 15:55:06,Gearing up for the #SolarEclipse2017 here at https://t.co/9GIudNGqJn HQ! #bitcoin https://t.co/sTJ3HS0KBD,38.0,10.0,2017-08-21
2017-08-22,2017-08-22,9.000920553340273e+17,2017-08-22 20:27:23,Why #Bcash Mining Shouldn't Affect #Bitcoin Much (But Bitcoin Mining Could Ruin Bcash) https://t.co/fy4P2V70SY #mining $bch $BTC,205.0,158.0,2017-08-22
2017-08-23,2017-08-23,9.004717265843241e+17,2017-08-23 21:36:04,UPDATED: WikiHow Users Can Now Secure Their Online Identities with Civic https://t.co/B1OtK8APMv @civickey @wikiHow #blockchain #IDENTITY,47.0,37.0,2017-08-23
2017-08-24,2017-08-24,9.005473039452283e+17,2017-08-24 02:36:23,The Long Road to @SegWit: How #Bitcoin’s Biggest Protocol Upgrade Became Reality by @AaronvanW https://t.co/sTj5zNfqed #blockchain,40.0,41.0,2017-08-24
2017-08-25,2017-08-25,9.011462666960077e+17,2017-08-25 18:16:27,"Patience, y'all. ""Segregated Witness Activates on #Bitcoin: This is What to Expect"" https://t.co/J99SZM05xC #segwit",41.0,34.0,2017-08-25
2017-08-26,2017-08-26,,,,,,
2017-08-27,2017-08-27,9.018512369573847e+17,2017-08-27 16:57:45,Miners Are Milking #Bcash’s Difficulty Adjustments (and Why This Is a Problem) https://t.co/RZchhi2WiW #bitcoin #BitcoinCash #blockchain,228.0,179.0,2017-08-27
2017-08-28,2017-08-28,9.020860620250726e+17,2017-08-28 08:30:51,IRS、ビットコインキャッシュのハードフォーク税を徴収か　最大43% - https://t.co/osSBku3Kep #ビットコイン https://t.co/cfCC81IOHh,29.0,30.0,2017-08-28
2017-08-29,2017-08-29,9.025719736994857e+17,2017-08-29 16:41:42,RT @DistLedger: Are #blockchains the answer to #journalisms growing problems? https://t.co/5BHG5w5IMv,0.0,17.0,2017-08-29
2017-08-30,2017-08-30,9.030074574291313e+17,2017-08-30 21:32:09,Op Ed: Planning an ICO in Canada? Here are 10 Regulatory Points to Ponder https://t.co/bTceVbPjNP #ICO #blockchain #cryptocurrency #canada,33.0,33.0,2017-08-30
2017-08-31,2017-08-31,9.03266635624194e+17,2017-08-31 14:42:02,ICYMI: Op Ed: Planning an #ICO in Canada? Here are 10 Regulatory Points to Ponder https://t.co/bTceVbPjNP #canada #cryptocurrency #fintech,10.0,10.0,2017-08-31
2017-09-01,2017-09-01,9.036714375459226e+17,2017-09-01 17:30:34,Miners Are Leaving Money on the Table to Mine Bitcoin Cash: This Could Explain Why https://t.co/I9KlL5Xm1J #bitcoin #BitcoinCash #BCash,53.0,43.0,2017-09-01
2017-09-02,2017-09-02,,,,,,
2017-09-03,2017-09-03,,,,,,
2017-09-04,2017-09-04,9.045543710100152e+17,2017-09-04 03:59:02,ビットコイン 今日の相場・戦略　2017年9月4日 - https://t.co/RnuGNb1GCI #ビットコイン https://t.co/7zbfPAw71N,2.0,2.0,2017-09-04
2017-09-05,2017-09-05,9.050265300651745e+17,2017-09-05 11:15:14,Breaking Bitcoin: Paris is Set to Host a New Technical #Bitcoin Conference https://t.co/EK9SsODmy3 @breakingbitcoin… https://t.co/HYnkWvmPK6,102.0,68.0,2017-09-05
2017-09-06,2017-09-06,9.05554507609858e+17,2017-09-06 22:13:13,Ether Price Analysis: China's ICO Ban May Lead to Further Pull-backs https://t.co/FBHxVzSigs $ETHUSD $ETH #ethereum #price #ICOs,34.0,28.0,2017-09-06
2017-09-07,2017-09-07,9.058044483830661e+17,2017-09-07 14:46:24,"RT @adam3us: .@greenaddress was the first mobile wallet to support HW wallets, first with fee-bumping, first 2of2 2FA, first dynamic fees,…",0.0,89.0,2017-09-07
2017-09-08,2017-09-08,9.062693957515469e+17,2017-09-08 21:33:56,ICYMI: Op Ed: China's ICO Ban Is Characteristic — Not Catastrophic. https://t.co/NPo92SNwRW #ICOs #China #cryptocurrency #fintech,46.0,45.0,2017-09-08
2017-09-09,2017-09-09,,,,,,
2017-09-10,2017-09-10,,,,,,
2017-09-11,2017-09-11,9.072517780680663e+17,2017-09-11 14:37:34,RT @DistLedger: How do industries bypass outdated technology? https://t.co/BnUFtjlN5F,0.0,15.0,2017-09-11
2017-09-12,2017-09-12,9.077104063696937e+17,2017-09-12 20:59:59,NO2X: Breaking Bitcoin Shows No Love for the #SegWit2x Hard Fork in Paris https://t.co/8F5UMHtiqR #segwit #bitcoin #no2x,119.0,84.0,2017-09-12
2017-09-13,2017-09-13,9.08110601993429e+17,2017-09-13 23:30:14,GMOのマイニング事業参画、その理由と意義は - https://t.co/KltnwOaK0W #ビットコイン https://t.co/vaLCWhpdO6,58.0,37.0,2017-09-13
2017-09-14,2017-09-14,9.083467608583619e+17,2017-09-14 15:08:38,Bitcoin Core 0.15.0 Released: Here’s What’s New https://t.co/8cndUcKbOr #bitcoin #blockchain,442.0,272.0,2017-09-14
2017-09-15,2017-09-15,9.086814633647596e+17,2017-09-15 13:18:38,ICYMI: Bitcoin Core 0.15.0 Released: Here’s What’s New https://t.co/8cndUcKbOr #bitcoin #blockchain,66.0,49.0,2017-09-15
2017-09-16,2017-09-16,9.08851481138344e+17,2017-09-16 00:34:13,Bitcoin Price Analysis: How Rumblings From #China Play Into Wyckoff Distributions https://t.co/yqtZWXREhS #bitcoin $BTC #bitcoinprice,55.0,61.0,2017-09-16
2017-09-17,2017-09-17,,,,,,
2017-09-18,2017-09-18,9.0988078783044e+17,2017-09-18 20:44:19,Blockchain #Technology Plays a Critical Role in U.S. and International Open Government Initiatives https://t.co/fL7HBatlj8 #blockchain,45.0,56.0,2017-09-18
2017-09-19,2017-09-19,9.102434466062541e+17,2017-09-19 20:45:23,Uncertainty Dominates as #China Continues to Clamp Down on Cryptocurrencies https://t.co/yszUaan2xR #bitcoin #blockchain #cryptocurrencies,67.0,68.0,2017-09-19
2017-09-20,2017-09-20,9.105099931363942e+17,2017-09-20 14:24:33,ICYMI: Uncertainty Dominates as #China Continues to Clamp Down on Cryptocurrencies https://t.co/yszUaan2xR #Crypto #bitcoin #blockchain,32.0,23.0,2017-09-20
2017-09-21,2017-09-21,9.109868038129377e+17,2017-09-21 21:59:14,Op Ed: Four Challenges to Consider When Launching Your Fund Raise on the #Blockchain https://t.co/yEh9Us5pW8 #fintech #ICOs,21.0,25.0,2017-09-21
2017-09-22,2017-09-22,9.112375458743951e+17,2017-09-22 14:35:35,ICYMI -- Op Ed: Lessons From a Cryptocurrency Hack (A PSA) https://t.co/CYvRVnXBsQ #bitcoin #CyberSecurity #cryptocurrencies #blockchain,23.0,21.0,2017-09-22
2017-09-23,2017-09-23,,,,,,
2017-09-24,2017-09-24,,,,,,
2017-09-25,2017-09-25,9.124040176445399e+17,2017-09-25 19:50:44,RT @DavidFBailey: Healthcare market really warming up to #blockchain with 700+ registered for #disthealth! Hope to see you there! Congrats…,0.0,31.0,2017-09-25
2017-09-26,2017-09-26,9.127630224180429e+17,2017-09-26 19:37:17,RT @DistLedger: @DavidFBailey &amp; #BTCMedia's Shanghai team @Westin sunset summit afterparty of #DistHealth day 1. Don't miss day 2! https://…,0.0,10.0,2017-09-26
2017-09-27,2017-09-27,9.13105806534615e+17,2017-09-27 18:19:23,The Curious Case of #Bitcoin’s “Moby Dick” Spam and the Miners That Confirmed It https://t.co/vv9urQlUAc #blockchain,139.0,97.0,2017-09-27
2017-09-28,2017-09-28,9.135310408278876e+17,2017-09-28 22:29:07,Today's #Bitcoin Price Analysis: $BTC Makes New Highs as the Market Tests Historical Support https://t.co/XxIIHO904X $btcusd #bitcoinprice,29.0,21.0,2017-09-28
2017-09-29,2017-09-29,9.137778367119647e+17,2017-09-29 14:49:48,ICYMI - Filling the Demand: #Cryptocurrency Job Postings Set to Triple From 2016 https://t.co/A4HhxRb01a #blockchain #Techjobs @AngelList,44.0,34.0,2017-09-29
2017-09-30,2017-09-30,,,,,,
2017-10-01,2017-10-01,,,,,,
2017-10-02,2017-10-02,9.1495520028851e+17,2017-10-02 20:48:13,"South Korea's #ICO Ban: A Reaction to ""Serious Concerns"" Over #Cryptocurrency Investment Practices https://t.co/rD0s1sPBSK #bitcoin",21.0,27.0,2017-10-02
2017-10-03,2017-10-03,9.152671907938877e+17,2017-10-03 17:27:57,Op Ed: Where Pseudonymous #Cryptocurrency Transactions Meet AML Reporting Requirements https://t.co/YdEfuXS4Lu #blockchain #bitcoin,21.0,19.0,2017-10-03
2017-10-04,2017-10-04,9.154942496547635e+17,2017-10-04 08:30:12,「μRaiden」イーサリアムの一方向ペイメントチャネルが登場 - https://t.co/7FBzMFG2xw #ビットコイン https://t.co/UnykZcdEPZ,32.0,15.0,2017-10-04
2017-10-05,2017-10-05,9.160465584660152e+17,2017-10-05 21:04:53,Central Banks and the IMF Warm Up to (Centralized) Digital Currencies  https://t.co/kzitQY8W8f #cryptocurrencies #blockchain #fintech,90.0,104.0,2017-10-05
2017-10-06,2017-10-06,9.16354305128616e+17,2017-10-06 17:27:46,2x or NO2X: Why Some Want to Hard Fork #Bitcoin — and Why Others Do Not https://t.co/M6ZS8JXbMw #blockchain #segwit2x #segwit,169.0,141.0,2017-10-06
2017-10-07,2017-10-07,,,,,,
2017-10-08,2017-10-08,,,,,,
2017-10-09,2017-10-09,9.17426727814656e+17,2017-10-09 16:29:11,Op Ed: A Roadmap For How the #Blockchain Can Open Up Foreign Property Investment https://t.co/VrWMB3qCx6 #RealEstate #investment #fintech,23.0,30.0,2017-10-09
2017-10-10,2017-10-10,9.178365772079145e+17,2017-10-10 19:37:47,India Trials a Power Grid on the #Blockchain to Incentivize #Sustainable Energy https://t.co/UFpC3QhbJs #energy #IoT #India,65.0,54.0,2017-10-10
2017-10-11,2017-10-11,9.181585065403064e+17,2017-10-11 16:57:01,Hyperledger and Linux to Offer a Massive Open Online #Blockchain Course https://t.co/IEM8yYOYiJ @Hyperledger,91.0,47.0,2017-10-11
2017-10-12,2017-10-12,9.185054806198108e+17,2017-10-12 15:55:46,ICYMI:OpEd by @jeffreyatucker: Is There a Future for Banking in a #Cryptocurrency-Dominated World? https://t.co/JB6J1bBuXa #bitcoin #fintech,34.0,23.0,2017-10-12
2017-10-13,2017-10-13,9.188369169335378e+17,2017-10-13 13:52:46,A #Bitcoin Beginner’s Guide to Surviving the #BitcoinGold and SegWit2x Forks https://t.co/mP4crCEAAV #segwit2 #segwit #blockchain,507.0,333.0,2017-10-13
2017-10-14,2017-10-14,,,,,,
2017-10-15,2017-10-15,,,,,,
2017-10-16,2017-10-16,9.197877571063808e+17,2017-10-16 04:51:04,イーサリアム、本日「Byzantium」にアップグレードへ - https://t.co/v68s7ldNjp #ビットコイン https://t.co/YEJY6g3Ew4,57.0,54.0,2017-10-16
2017-10-17,2017-10-17,9.20344904311636e+17,2017-10-17 17:44:59,"RT @coinyeezy: WARNING ⚠️ Mymonero wallet phishing - notice small dot under the ""r"" in the domain namePlease don't click ads when you g…",0.0,81.0,2017-10-17
2017-10-18,2017-10-18,9.206566903364895e+17,2017-10-18 14:23:54,Chaincode Labs to Host a Second Run of Its Month-Long #Bitcoin Coding Class https://t.co/Jq2OKGoujw @ChaincodeLabs #blockchain,55.0,37.0,2017-10-18
2017-10-19,2017-10-19,9.211407985902797e+17,2017-10-19 22:27:35,Bitcoin Price Analysis: Potential Wyckoff Distribution May Spring New All-Time Highs https://t.co/adiKpwknf8 $btc $btcusd #bitcoin,58.0,62.0,2017-10-19
2017-10-20,2017-10-20,9.214359432860672e+17,2017-10-20 18:00:22,Our latest #Bitcoin price analysis: Potential Wyckoff Distribution May Spring New All-Time Highs https://t.co/adiKpwknf8 $BTC #bitcoinprice,72.0,56.0,2017-10-20
2017-10-21,2017-10-21,,,,,,
2017-10-22,2017-10-22,,,,,,
2017-10-23,2017-10-23,9.22592659847467e+17,2017-10-23 22:36:45,Abra Closes $16M in Funding and Looks to Venture Into Consumer Product Space https://t.co/lCCO8rczxi @AbraGlobal #Bitcoin,31.0,28.0,2017-10-23
2017-10-24,2017-10-24,9.229376092147098e+17,2017-10-24 21:27:28,RT @DistLedger: #Blockchains are poised to shape the future of #marketing. Here's how it will power two tools of tomorrow: https://t.co/ZlV…,0.0,27.0,2017-10-24
2017-10-25,2017-10-25,9.233085241380618e+17,2017-10-25 22:01:21,TokenFunder Wins Approval to First OSC Regulated ICO Launch https://t.co/KmhQGGR3ZL #ICOs,35.0,26.0,2017-10-25
2017-10-26,2017-10-26,9.235924474810081e+17,2017-10-26 16:49:33,Decred Launches Proposal System to Advance #Blockchain Governancehttps://t.co/edyUpyZeSL@decredproject https://t.co/mPKExhioRe,171.0,111.0,2017-10-26
2017-10-27,2017-10-27,9.239855537622016e+17,2017-10-27 18:51:37,Blockstack Announces Its Own Token Sale https://t.co/Z2IFB3As6h @blockstack,58.0,45.0,2017-10-27
2017-10-28,2017-10-28,9.242951796364984e+17,2017-10-28 15:21:58,To B2X or Not to B2X: How Exchanges Will List the SegWit2x Coin https://t.co/0cjQaCcsMQ #bitcoin #B2X #Segwit2x,253.0,212.0,2017-10-28
2017-10-29,2017-10-29,,,,,,
2017-10-30,2017-10-30,9.250027759137464e+17,2017-10-30 14:13:42,"After hitting a new all-time high, $BTC is now at $6152.31. https://t.co/eShTD3xB7X https://t.co/wycC3JKXIT",103.0,71.0,2017-10-30
2017-10-31,2017-10-31,9.254365295137628e+17,2017-10-31 18:57:17,"Happy birthday, #Bitcoin! It's been 9 years since Satoshi published his whitepaper. https://t.co/eShTD3xB7X https://t.co/UV0M0Js6Ed",511.0,363.0,2017-10-31
2017-11-01,2017-11-01,9.258130818837176e+17,2017-11-01 19:53:34,"RT @DistLedger: Remembering Lu Guanqiu, Chinese blockchain proponent (1945-2017): https://t.co/NHUZRbqXtM",0.0,13.0,2017-11-01
2017-11-02,2017-11-02,9.262062150755656e+17,2017-11-02 21:55:44,Funding the #Blockchain Future of the Digital Media Industry https://t.co/O4wWfJskik #digitalmedia #VentureCapital,34.0,37.0,2017-11-02
2017-11-03,2017-11-03,9.265510206914437e+17,2017-11-03 20:45:52,"RT @DistLedger: Advertisements were once purchased and negotiated by through an inefficient, unreliable process. Enter blockchains: https:/…",0.0,37.0,2017-11-03
2017-11-04,2017-11-04,,,,,,
2017-11-05,2017-11-05,9.271336484695859e+17,2017-11-05 11:21:01,ビットコインゴールドに対する各取引所の対応と影響（BTCN） - https://t.co/y69GBWmKyQ https://t.co/ZHTPYfia13,24.0,24.0,2017-11-05
2017-11-06,2017-11-06,9.274608275522724e+17,2017-11-06 09:01:07,ビットコイン 今日の相場・戦略　2017年11月6日（BTCN） - https://t.co/3Zn4KynZLV https://t.co/Yw6QBee0dN,7.0,1.0,2017-11-06
2017-11-07,2017-11-07,9.280058259600056e+17,2017-11-07 21:06:45,Bitcoin Price Analysis: Bitcoin’s All-Time High Tests a Historic Reversal Pointhttps://t.co/5jw2keq2FO $BTC $btcusd #bitcoin #bitcoinprice,73.0,67.0,2017-11-07
2017-11-08,2017-11-08,9.283943559367148e+17,2017-11-08 22:50:37,NO2X: Next Week’s Hard Fork Has Been “Suspended” Due to a Lack of Consensus https://t.co/VwtzpQmvOy #NO2X #bitcoin #bitcoinfork #segwit2x,155.0,120.0,2017-11-08
2017-11-09,2017-11-09,9.284435478833684e+17,2017-11-09 02:06:06,ビットコイン、分岐回避で前進　SegWit2xハードフォークの計画中断で（BTCN） - https://t.co/Xz2THkpFfM https://t.co/VkZIgmVYzw,57.0,56.0,2017-11-09
2017-11-10,2017-11-10,9.291117088530678e+17,2017-11-10 22:21:08,"Bitcoin Price Analysis: Market Correction Could See Lows of $5,800 https://t.co/CAVuhpjA7v #bitcoin #bitcoinprice $BTC $btcusd",117.0,95.0,2017-11-10
2017-11-11,2017-11-11,9.29415593610154e+17,2017-11-11 18:28:39,"After weeks of preparation, Bitcoin Gold is finally launching tomorrow, November 12 https://t.co/yTdBAYy6Ih #bitcoin #Bgold #fintech",151.0,145.0,2017-11-11
2017-11-12,2017-11-12,,,,,,
2017-11-13,2017-11-13,9.30122912899756e+17,2017-11-13 17:19:17,Come join the original Bitcoin news site! The Bitcoin Magazine news team is looking for a full-time writer. https://t.co/DxRs8pTduE,40.0,32.0,2017-11-13
2017-11-14,2017-11-14,9.305589723226358e+17,2017-11-14 22:12:02,Come join our team of fantastic crypto reporters - Bitcoin Magazine is looking for another f/t writer: https://t.co/PKmVwsKOhA,38.0,28.0,2017-11-14
2017-11-15,2017-11-15,9.308760620867133e+17,2017-11-15 19:12:02,New “Semi-Decentralized” #Cryptocurrency Exchange Navigates Murky Compliance Waters https://t.co/aRiHvf5KDe #bitcoin,23.0,21.0,2017-11-15
2017-11-16,2017-11-16,9.312986003862856e+17,2017-11-16 23:11:03,Bitcoin Price Analysis: $BTC Pushes All-time Highs and Tests Historic Resistance https://t.co/gXQgTYN57q $btcusd… https://t.co/HdgedM4xLx,87.0,62.0,2017-11-16
2017-11-17,2017-11-17,9.31644374781481e+17,2017-11-17 22:05:02,Crypto Trading and Traditional Assets: New Options for Investors https://t.co/HFBzU9C53o #cryptocurrencies #trading #investing #fintech,61.0,58.0,2017-11-17
2017-11-18,2017-11-18,9.317943608569897e+17,2017-11-18 08:01:02,米FRB次期議長に内定したパウエル氏、ビットコインに持論（BTCN） - https://t.co/A3zO75gobY https://t.co/bAvHFkmYu2,21.0,11.0,2017-11-18
2017-11-19,2017-11-19,,,,,,
2017-11-20,2017-11-20,9.327127629035315e+17,2017-11-20 20:50:26,"The price of #bitcoin has soared over $8,000 - now at $8249.90! https://t.co/eShTD3xB7X$btc $btcusd #bitcoinprice https://t.co/fCm5GUYRkF",222.0,172.0,2017-11-20
2017-11-21,2017-11-21,9.33062884006953e+17,2017-11-21 20:01:41,"Hacker Allegedly Siphons $31 Million Out of #Tether, Driving Further Speculations About the Cryptocurrency… https://t.co/AGOkhgbVmj",48.0,62.0,2017-11-21
2017-11-22,2017-11-22,9.333670725911716e+17,2017-11-22 16:10:25,Bitcoin Exchange Globitex Granted European Electronic Money License https://t.co/BziqVj2e6Q #bitcoin @globitex_ #fintech #investing,26.0,39.0,2017-11-22
2017-11-23,2017-11-23,9.335157221222564e+17,2017-11-23 02:01:06,ロシアで暗号通貨探偵局の設立準備始まる　ウラジオストクでパイロットプロジェクト開始（BTCN） - https://t.co/hTShBT5gpf https://t.co/ksx6ptaD2X,8.0,6.0,2017-11-23
2017-11-24,2017-11-24,9.338781333921382e+17,2017-11-24 02:01:12,週間ビットコイン相場 2017/11/24 −　ビットコイン最高値更新（BTCN） - https://t.co/SCFVO99eMJ https://t.co/xyaCDExHB1,5.0,2.0,2017-11-24
2017-11-25,2017-11-25,,,,,,
2017-11-26,2017-11-26,,,,,,
2017-11-27,2017-11-27,9.352287804859269e+17,2017-11-27 19:28:11,Bitcoin Price Analysis: Bitcoin Tests Parabolic Trend After 25% Weekly Growth https://t.co/ImjkaTSdiu #bitcoin $BTC $btcusd #bitcoinprice,92.0,77.0,2017-11-27
2017-11-28,2017-11-28,9.354954049547715e+17,2017-11-28 13:07:39,Wrangling Data For Enterprise: #Blockchain Company Libra Launches Crypto Officehttps://t.co/DHJgE8r23M #cryptocurrency #data,30.0,19.0,2017-11-28
2017-11-29,2017-11-29,9.356901825604485e+17,2017-11-29 02:01:38,Our front page is looking pretty sweet right about now! 🚀 #Bitcoin https://t.co/ug77yZoPW1,81.0,44.0,2017-11-29
2017-11-30,2017-11-30,9.362395045910856e+17,2017-11-30 14:24:27,ICYMI: Bitcoin Crossed $10K for the First Time: Global Validation or Speculative Bubble?https://t.co/HPHlcuAJED… https://t.co/xgClKRHRTJ,38.0,33.0,2017-11-30
2017-12-01,2017-12-01,9.367191370820485e+17,2017-12-01 22:10:20,Regulators Greenlight #Bitcoin Futureshttps://t.co/xqhFASNYlR #investing #trading #CME,92.0,75.0,2017-12-01
2017-12-02,2017-12-02,,,,,,
2017-12-03,2017-12-03,,,,,,
2017-12-04,2017-12-04,9.37738163262509e+17,2017-12-04 17:39:35,"Check out our cover story for December by @AaronvanW Bitcoin’s Journey from $1,000 to $10,000: The Stories That Got… https://t.co/EcOVMiPdzB",76.0,57.0,2017-12-04
2017-12-05,2017-12-05,9.381550745971466e+17,2017-12-05 21:16:14,Bitfinex Critics Prepare for Possible Legal Action After #Cryptocurrency Exchange Lawyers Up https://t.co/SI9quPIbIQ #bitcoin #bitfinexed,37.0,25.0,2017-12-05
2017-12-06,2017-12-06,9.384754493777879e+17,2017-12-06 18:29:17,Developers Release Lightning Protocol 1.0; Perform Successful Interoperability Tests https://t.co/eLjZ7Ge5b1… https://t.co/wZh1A5Bgz5,380.0,224.0,2017-12-06
2017-12-07,2017-12-07,9.389063405331702e+17,2017-12-07 23:01:30,Quant Network Launches Overledger for Cross-Blockchain Data Interoperability https://t.co/vSEL3JwYKr #blockchain #fintech,44.0,28.0,2017-12-07
2017-12-08,2017-12-08,9.392116829241631e+17,2017-12-08 19:14:49,Op-ed: #Bitcoin Is Not a Bubble; It's in an S-Curve and It's Just Getting Started https://t.co/3icGsITkT0… https://t.co/e4WXRcl6Yw,194.0,122.0,2017-12-08
2017-12-09,2017-12-09,,,,,,
2017-12-10,2017-12-10,,,,,,
2017-12-11,2017-12-11,9.403628971249869e+17,2017-12-11 23:29:20,Bitcoin Futures Are Here: The Story So Far https://t.co/ApYK0psM2N #BitcoinFutures #fintech #cboe #bitcoin,129.0,97.0,2017-12-11
2017-12-12,2017-12-12,9.40652637791445e+17,2017-12-12 18:40:39,"RT @DistLedger: If there's a digital solution that can save us from the era of ""fake news,"" it's #blockchain technology: https://t.co/jIAwm…",0.0,42.0,2017-12-12
2017-12-13,2017-12-13,9.410653040625459e+17,2017-12-13 22:00:27,Bitcoin Price Analysis: Bitcoin Rests at Tipping Point Before Deciding Next Move https://t.co/vGUmRygWEg #Bitcoin $BTC $btcusd #investing,84.0,67.0,2017-12-13
2017-12-14,2017-12-14,9.41390820904702e+17,2017-12-14 19:33:56,"South Korea Moves to Regulate Domestic #Bitcoin Trading, Exchangeshttps://t.co/IghLvaN5rW #SouthKorea #cryptocurrency",83.0,60.0,2017-12-14
2017-12-15,2017-12-15,9.416821143193231e+17,2017-12-15 14:51:26,"ICYMI: Garzik Forks UnitedBitcoin Away from #Bitcoin ""Maximalists"" to Support Altcoin Communities… https://t.co/RgLY7spgv0",54.0,30.0,2017-12-15
2017-12-16,2017-12-16,,,,,,
2017-12-17,2017-12-17,,,,,,
2017-12-18,2017-12-18,9.428732593595064e+17,2017-12-18 21:44:37,Op Ed: Bitcoin’s Scaling Challenge Brings the Battle for Liberation of Cyberspace by @nozomimagine… https://t.co/iXLwKeXvbx,83.0,56.0,2017-12-18
2017-12-19,2017-12-19,9.431663002176348e+17,2017-12-19 17:09:03,This Lightning Network Designer Is Re-Inventing #Bitcoin Smart Contracts https://t.co/iJDxTEThsg #blockchain #smartContract @tdryja,197.0,113.0,2017-12-19
2017-12-20,2017-12-20,9.436182145835213e+17,2017-12-20 23:04:48,"Bitcoin Price Analysis: After Giddy Heights, Bitcoin Sees a Steady Decline in Price https://t.co/ncfuvpiDuL… https://t.co/a3U2BUcTAZ",67.0,54.0,2017-12-20
2017-12-21,2017-12-21,9.43866580185899e+17,2017-12-21 15:31:43,"Our latest Bitcoin Price Analysis: After Giddy Heights, Bitcoin Sees a Steady Decline in Price… https://t.co/7qckAjUT0u",56.0,61.0,2017-12-21
2017-12-22,2017-12-22,9.443047791777423e+17,2017-12-22 20:32:58,Bitcoin Price Analysis: Expect Some Lower Lows Before the Next Bouncehttps://t.co/A6N6VuRoKK #bitcoin #blockchain $btc $btcusd #trading,124.0,117.0,2017-12-22
2017-12-23,2017-12-23,,,,,,
2017-12-24,2017-12-24,,,,,,
2017-12-25,2017-12-25,9.452178117434941e+17,2017-12-25 09:01:02,BIPに新たな提案、BTCからBits表記へ（BTCN） - https://t.co/C5wyfYQSbN https://t.co/DTzuq48KAS,74.0,42.0,2017-12-25
2017-12-26,2017-12-26,9.455650977951826e+17,2017-12-26 08:01:01,ビットコインとビットコインキャッシュの違いとは？Jimmy Song氏　動画インタビュー Vol.4（BTCN） - https://t.co/MEQ9NCAMHB https://t.co/h90tTwXRhU,41.0,22.0,2017-12-26
2017-12-27,2017-12-27,9.459414804594565e+17,2017-12-27 08:56:38,時価総額で振り返る、2017年仮想通貨の盛り上がり（BTCN） - https://t.co/OLr9UGSnuo,36.0,20.0,2017-12-27
2017-12-28,2017-12-28,9.463049739812209e+17,2017-12-28 09:01:01,ビットコインの送金手数料高騰によりSegwit導入の兆し（BTCN） - https://t.co/bGiikyXrI4 https://t.co/0NvXqF5keo,155.0,74.0,2017-12-28
2017-12-29,2017-12-29,9.468168413427712e+17,2017-12-29 18:55:00,Our most popular story in the month of August (actually of the whole year). A Beginner’s Guide to Claiming Your “Bi… https://t.co/NHgoV4fTmB,50.0,33.0,2017-12-29
2017-12-30,2017-12-30,9.471401326494925e+17,2017-12-30 16:19:39,ICYMI: Lyn Ulbricht: Ross’s Latest Appeal About “Constitutional Protections and Freedoms for Us All”… https://t.co/Orf0ZM4CZT,41.0,35.0,2017-12-30
2017-12-31,2017-12-31,,,,,,
2018-01-01,2018-01-01,9.478776161611448e+17,2018-01-01 17:10:09,"Happy New Year from all of us at Bitcoin Magazine! Here are a few of our favorite ""Good News"" stories of 2017.… https://t.co/QU6KyJCKoW",98.0,50.0,2018-01-01
2018-01-02,2018-01-02,9.482821183665316e+17,2018-01-02 19:57:29,Keep an Eye Out for These #Bitcoin Tech Trends in 2018 - Our latest cover story by @AaronvanW… https://t.co/PgH3CeNlv0,210.0,175.0,2018-01-02
2018-01-03,2018-01-03,9.48608859668648e+17,2018-01-03 17:35:51,RT @DistLedger: CDC believes disease surveillance can be improved by using a distributed ledger https://t.co/C86tgBc4Zc,0.0,25.0,2018-01-03
2018-01-04,2018-01-04,9.490415677629686e+17,2018-01-04 22:15:16,Bitcoin Price Analysis: Bitcoin Poised for a Potentially Large Market Move https://t.co/rk7XhpqgHy #bitcoin… https://t.co/ZwEmv3sOff,157.0,102.0,2018-01-04
2018-01-05,2018-01-05,9.493303640272855e+17,2018-01-05 17:22:51,"So, which direction do we seem to be going in? Our latest Bitcoin Price Analysis. https://t.co/rk7XhpqgHy #bitcoin $btc $btcusd",85.0,55.0,2018-01-05
2018-01-06,2018-01-06,9.494328860500296e+17,2018-01-06 00:10:14,"RT @DistLedger: As the #media industry continues to experience massive shifts, #blockchain technology is playing a major role: https://t.co…",0.0,60.0,2018-01-06
2018-01-07,2018-01-07,,,,,,
